id,status,message,timestamp
1,SKIPPED,No training data available.,2026-01-25 13:12:37
2,SKIPPED,No training data available.,2026-01-25 13:12:39
3,SUCCESS,"Learned weights: v=-1.20, c=0.65, b=3.00",2026-01-31 05:13:47
4,SUCCESS,"Learned weights: v=-1.28, c=-0.30, b=3.00",2026-01-31 05:58:19
5,SUCCESS,"Learned weights: v=-1.33, c=-0.38, b=3.00",2026-01-31 06:01:05
6,SUCCESS,"Learned weights: v=-1.38, c=-0.43, b=3.00",2026-01-31 06:06:44
7,SUCCESS,"Learned weights: v=-1.42, c=-0.47, b=3.00",2026-01-31 06:08:42
8,SUCCESS,"Learned weights: v=-1.45, c=-0.49, b=3.00",2026-01-31 06:11:35
9,SUCCESS,"Learned weights: v=-1.48, c=-0.52, b=3.00",2026-02-01 05:17:32
10,SUCCESS,"Learned weights: v=-1.51, c=-0.54, b=3.00",2026-02-01 05:18:39
11,SUCCESS,"Learned weights: v=-1.53, c=-0.56, b=3.00",2026-02-01 14:19:18
12,SUCCESS,"Learned weights: v=0.00, c=0.01, b=3.00",2026-02-01 14:20:03
13,SUCCESS,"Learned weights: v=0.00, c=0.01, b=3.00",2026-02-01 14:21:05
14,SUCCESS,"Learned weights: v=0.30, c=0.74, b=3.00",2026-02-01 14:23:37
15,SUCCESS,"Learned weights: v=0.11, c=0.98, b=5.31",2026-02-04 22:49:05
16,SUCCESS,"Learned weights: v=0.11, c=1.18, b=6.26",2026-02-04 22:49:28
17,SUCCESS,"Learned weights: v=0.11, c=1.34, b=6.93",2026-02-04 23:01:52
18,SUCCESS,"Learned weights: v=0.11, c=1.48, b=7.47",2026-02-04 23:01:54
19,SUCCESS,"Learned weights: v=0.11, c=1.59, b=7.91",2026-02-04 23:01:55
20,SUCCESS,"Learned weights: v=0.11, c=1.69, b=8.29",2026-02-04 23:01:56
21,SUCCESS,"Learned weights: v=0.11, c=1.78, b=8.62",2026-02-04 23:01:56
22,SUCCESS,"Learned weights: v=0.11, c=1.86, b=8.92",2026-02-04 23:01:59
23,SUCCESS,"Learned weights: v=0.11, c=1.94, b=9.19",2026-02-04 23:02:01
24,SUCCESS,"Learned weights: v=0.10, c=2.01, b=9.44",2026-02-04 23:02:01
25,SUCCESS,"Learned weights: v=0.10, c=2.07, b=9.67",2026-02-04 23:02:02
26,SUCCESS,"Learned. Accuracy: 100.0%, weights: v=0.10, c=2.14",2026-02-04 23:07:06
27,SUCCESS,"Learned. Accuracy: 100.0%, weights: v=0.10, c=2.19",2026-02-04 23:08:26
28,SUCCESS,"Learned. Accuracy: 100.0%, weights: v=0.10, c=2.33",2026-02-04 23:17:16
29,SUCCESS,"Learned. Accuracy: 100.0%, weights: v=0.10, c=2.38",2026-02-04 23:18:36
30,SUCCESS,"Learned. Accuracy: 100.0%, weights: v=0.10, c=2.42",2026-02-07 22:42:05
